{
    "defaultSeverity": "error",
    "extends": [
        "tslint:latest",
        "tslint-react"
    ],
    "jsRules": {},
    "rules": {
        "array-type": [
            false
        ],
        "arrow-parens": [
            true,
            "ban-single-arg-parens"
        ],
        "curly": [
            true,
            "ignore-same-line"
        ],
        "eofline": false,
        "interface-name": [
            true,
            "never-prefix"
        ],
        "jsx-boolean-value": false,
        "jsx-curly-spacing": false,
        "jsx-equals-spacing": false,
        "jsx-no-lambda": false,
        "jsx-no-multiline-js": false,
        "jsx-no-string-ref": true,
        "jsx-self-close": false,
        "jsx-wrap-multiline": true,
        "no-namespace": false,
        "prefer-conditional-expression": false,
        "max-classes-per-file": [
            false,
            5
        ],
        "max-line-length": [
            true,
            200
        ],
        "member-access": false,
        "member-ordering": false,
        "no-console": [
            false
        ],
        "forin": false,
        "no-empty-interface": false,
        "no-empty": false,
        "no-implicit-dependencies": false,
        "no-require-imports": false,
        "no-shadowed-variable": false,
        "no-submodule-imports": false,
        "no-trailing-whitespace": false,
        "no-unused-expression": [
            true,
            "allow-fast-null-checks",
            "allow-new"
        ],
        "no-var-requires": false,
        "no-bitwise": false,
        "object-literal-key-quotes": [
            true,
            "as-needed"
        ],
        "object-literal-sort-keys": false,
        "one-variable-per-declaration": [
            true,
            "ignore-for-loop"
        ],
        "ordered-imports": [
            false
        ],
        "prefer-const": false,
        "quotemark": [
            true,
            "single",
            "jsx-double"
        ],
        "radix": false,
        "semicolon": false,
        "trailing-comma": false
    },
    "rulesDirectory": []
}